City_ID,City,Country,Lat,Lng,Max Temp,Humidity,Cloudiness,Wind Speed,Current Description
0,Samoded,RU,63.6083,40.5111,15.73,95,85,6.38,overcast clouds
1,Albany,US,42.6001,-73.9662,30.61,76,87,17.22,light snow
2,Georgetown,MY,5.4112,100.3354,87.75,70,40,4.61,scattered clouds
3,Champerico,GT,14.3,-91.9167,76.93,81,80,4.65,broken clouds
4,Mataura,NZ,-46.1927,168.8643,55.27,53,100,6.53,overcast clouds
5,Tecoanapa,MX,16.5167,-98.75,75.83,85,27,4.38,scattered clouds
6,Lebu,CL,-37.6167,-73.65,51.04,83,28,11.81,scattered clouds
7,Ushuaia,AR,-54.8,-68.3,40.66,81,40,2.3,scattered clouds
8,Ostersund,SE,63.1792,14.6357,16.25,92,90,2.3,overcast clouds
9,Bambous Virieux,MU,-20.3428,57.7575,82.65,57,20,11.5,few clouds
10,Sinnamary,GF,5.3833,-52.95,78.64,87,99,9.75,overcast clouds
11,Chokurdakh,RU,70.6333,147.9167,-22.38,96,98,3.62,overcast clouds
12,Souillac,MU,-20.5167,57.5167,82.78,57,20,11.5,few clouds
13,Verkhnevilyuysk,RU,63.4453,120.3167,5.34,92,100,11.5,light snow
14,Jalu,LY,29.0331,21.5482,63.75,62,1,5.12,clear sky
15,Gat,IL,31.61,34.7642,56.08,53,56,1.77,broken clouds
16,Jamestown,US,42.097,-79.2353,29.52,80,90,12.66,light snow
17,Chernyshevskiy,RU,63.0128,112.4714,1.94,91,100,12.28,overcast clouds
18,Bluff,NZ,-46.6,168.3333,51.82,57,86,17.11,overcast clouds
19,Rikitea,PF,-23.1203,-134.9692,76.17,73,100,14.94,overcast clouds
20,Tasiilaq,GL,65.6145,-37.6368,28.56,76,97,8.57,overcast clouds
21,Opuwo,NA,-18.0607,13.84,72.36,18,35,4.05,scattered clouds
22,Lavrentiya,RU,65.5833,-171.0,-8.73,89,16,8.37,few clouds
23,Ambulu,ID,-8.345,113.6058,83.14,76,99,5.35,light rain
24,Dolgorukovo,RU,52.3195,38.3453,33.15,82,100,14.81,overcast clouds
25,Nemuro,JP,43.3236,145.575,37.83,58,70,28.9,broken clouds
26,Eyl,SO,7.9803,49.8164,84.06,63,62,12.84,broken clouds
27,Flinders,AU,-34.5833,150.8552,61.88,85,100,17.81,overcast clouds
28,Cabo San Lucas,MX,22.8909,-109.9124,70.99,84,100,6.38,overcast clouds
29,Khatanga,RU,71.9667,102.5,-0.26,93,100,15.01,overcast clouds
30,Tuktoyaktuk,CA,69.4541,-133.0374,-4.0,77,90,20.71,light snow
31,Carballo,ES,43.213,-8.691,47.62,84,81,17.09,light rain
32,Hobart,AU,-42.8794,147.3294,66.06,42,20,11.5,few clouds
33,Kutum,SD,14.2,24.6667,63.07,19,3,5.77,clear sky
34,Ponta Do Sol,PT,32.6667,-17.1,61.43,75,75,8.7,broken clouds
35,Clyde River,CA,70.4692,-68.5914,-5.57,84,59,5.75,broken clouds
36,Kindu,CD,-2.95,25.95,70.5,96,100,1.57,overcast clouds
37,Pacific Grove,US,36.6177,-121.9166,51.91,66,1,4.61,clear sky
38,Hermanus,ZA,-34.4187,19.2345,64.35,71,92,15.57,overcast clouds
39,Kapaa,US,22.0752,-159.319,76.98,73,40,9.22,scattered clouds
40,Virginia Beach,US,36.8529,-75.978,39.25,48,1,10.36,clear sky
41,Busselton,AU,-33.65,115.3333,85.01,31,46,7.81,scattered clouds
42,Deputatskiy,RU,69.3,139.9,-26.37,86,59,1.03,broken clouds
43,Magnitka,RU,55.3475,59.6961,28.02,69,100,16.13,overcast clouds
44,Grindavik,IS,63.8424,-22.4338,32.47,93,90,12.66,overcast clouds
45,Punta Arenas,CL,-53.15,-70.9167,41.11,81,75,8.05,broken clouds
46,Norman Wells,CA,65.282,-126.8329,-5.76,71,20,12.66,few clouds
47,Coquimbo,CL,-29.9533,-71.3436,60.53,82,90,5.75,overcast clouds
48,Cascais,PT,38.6979,-9.4215,51.15,74,25,21.27,scattered clouds
49,Ribeira Grande,PT,38.5167,-28.7,63.43,63,27,12.01,scattered clouds
50,Bongouanou,CI,6.6486,-4.1992,71.42,99,56,1.61,broken clouds
51,Barrow,US,71.2906,-156.7887,-16.58,69,1,5.75,clear sky
52,Sur,OM,22.5667,59.5289,80.8,52,76,12.5,broken clouds
53,Cidreira,BR,-30.1811,-50.2056,69.12,94,92,10.78,overcast clouds
54,New Norfolk,AU,-42.7826,147.0587,65.7,40,31,5.35,scattered clouds
55,Tinaquillo,VE,9.9186,-68.3047,69.57,96,52,3.65,broken clouds
56,Matadi,CD,-5.8167,13.45,75.61,95,100,0.85,moderate rain
57,Puerto Ayora,EC,-0.7393,-90.3518,68.99,83,92,8.75,overcast clouds
58,Odweyne,SO,9.4092,45.064,74.61,56,88,5.68,overcast clouds
59,Vila,PT,42.0304,-8.1588,41.88,91,97,6.58,overcast clouds
60,Dikson,RU,73.5069,80.5464,-8.99,98,100,9.46,overcast clouds
61,Sanary-Sur-Mer,FR,43.1178,5.8001,48.15,84,65,18.03,light rain
62,Kalmunai,LK,7.4167,81.8167,84.6,72,71,4.52,broken clouds
63,Iqaluit,CA,63.7506,-68.5145,17.33,73,75,10.36,broken clouds
64,Sawakin,SD,19.1059,37.3321,80.4,71,74,8.41,broken clouds
65,Beihai,CN,21.4833,109.1,73.98,49,76,5.61,broken clouds
66,Turbat,PK,26.0023,63.044,80.6,17,15,11.59,few clouds
67,Kupino,RU,54.3663,77.2981,18.12,91,100,18.3,overcast clouds
68,Shitkino,RU,56.3703,98.3543,14.32,85,98,8.59,overcast clouds
69,Bethel,US,41.3712,-73.414,37.76,55,1,17.27,clear sky
70,Karpogory,RU,64.0019,44.4451,18.25,95,96,7.02,overcast clouds
71,Akom,CM,2.6678,12.7109,68.85,86,98,1.36,overcast clouds
72,Missouri City,US,29.6186,-95.5377,51.69,75,1,5.75,clear sky
73,Cherskiy,RU,68.75,161.3,-33.61,96,17,4.25,few clouds
74,Provideniya,RU,64.3833,-173.3,-3.93,80,7,7.25,clear sky
75,Shchebetovka,UA,44.9333,35.15,54.03,90,100,12.8,overcast clouds
76,Katsuura,JP,35.1333,140.3,55.51,39,65,17.07,broken clouds
77,Esperance,AU,-33.8667,121.9,82.24,53,88,17.65,overcast clouds
78,Kaitangata,NZ,-46.2817,169.8464,51.44,58,100,7.76,overcast clouds
79,Shu,KZ,43.5983,73.7614,36.07,45,1,6.55,clear sky
80,Kavieng,PG,-2.5744,150.7967,84.78,69,97,7.99,overcast clouds
81,Port Hawkesbury,CA,45.6169,-61.3485,47.79,93,75,13.8,broken clouds
82,Oyama,JP,36.3,139.8,53.49,25,28,14.58,scattered clouds
83,Namatanai,PG,-3.6667,152.4333,84.92,69,78,0.87,light rain
84,Touros,BR,-5.1989,-35.4608,79.03,80,5,11.1,clear sky
85,Arraial Do Cabo,BR,-22.9661,-42.0278,73.06,89,100,24.4,overcast clouds
86,Huangpu,CN,25.4433,113.1747,66.7,48,0,3.85,clear sky
87,Castro,BR,-24.7911,-50.0119,56.59,98,23,4.83,few clouds
88,Kruisfontein,ZA,-34.0033,24.7314,67.98,66,100,9.71,light rain
89,Carnarvon,AU,-24.8667,113.6333,95.07,29,0,17.27,clear sky
90,Hillsborough,US,37.5741,-122.3794,54.59,80,75,14.97,mist
91,Port Alfred,ZA,-33.5906,26.891,68.85,73,93,35.05,overcast clouds
92,Kodiak,US,57.79,-152.4072,15.31,62,75,0.0,broken clouds
93,Guerrero Negro,MX,27.9769,-114.0611,64.81,68,0,3.15,clear sky
94,Cockburn Town,TC,21.4612,-71.1419,78.8,64,77,8.19,broken clouds
95,Ilhabela,BR,-23.7781,-45.3581,71.44,88,13,5.46,few clouds
96,Sumbe,AO,-11.2061,13.8437,76.96,78,96,2.17,overcast clouds
97,La Ronge,CA,55.1001,-105.2842,35.85,60,75,9.22,broken clouds
98,Dudinka,RU,69.4058,86.1778,-0.87,96,100,12.28,overcast clouds
99,Vytegra,RU,61.0064,36.4481,13.19,95,97,3.36,overcast clouds
100,Mahebourg,MU,-20.4081,57.7,82.69,57,20,11.5,few clouds
101,Yumen,CN,40.2833,97.2,40.89,16,47,11.83,scattered clouds
102,Severo-Kurilsk,RU,50.6789,156.125,34.3,85,99,7.99,overcast clouds
103,Qaanaaq,GL,77.484,-69.3632,5.11,96,100,10.94,light snow
104,Skibbereen,IE,51.55,-9.2667,39.0,60,1,25.37,clear sky
105,Sandy Bay,AU,-42.913,147.3532,66.09,42,20,11.5,few clouds
106,Vostok,RU,46.4856,135.8833,20.5,89,100,4.52,overcast clouds
107,Nikolskoye,RU,59.7035,30.7861,26.49,81,100,5.7,overcast clouds
108,Saint-Francois,FR,46.4154,3.9054,36.84,93,90,5.75,overcast clouds
109,Yellowknife,CA,62.456,-114.3525,5.52,85,90,17.27,light snow
110,Saldanha,ZA,-33.0117,17.9442,59.05,84,31,23.67,scattered clouds
111,Slave Lake,CA,55.2834,-114.769,30.18,47,1,21.85,clear sky
112,Tiksi,RU,71.6872,128.8694,-3.24,97,100,5.44,overcast clouds
113,Akyab,MM,20.15,92.9,82.4,55,9,4.81,clear sky
114,Los Llanos De Aridane,ES,28.6585,-17.9182,60.55,68,20,12.66,few clouds
115,Saskylakh,RU,71.9167,114.0833,-12.84,96,91,6.13,overcast clouds
116,Airai,TL,-8.9266,125.4092,71.92,72,100,1.57,overcast clouds
117,Victoria,HK,22.2855,114.1577,76.96,47,88,7.05,overcast clouds
118,Vaini,TO,-21.2,-175.2,82.56,89,75,5.75,light rain
119,Thinadhoo,MV,0.5333,72.9333,81.73,70,16,15.46,few clouds
120,Loa Janan,ID,-0.583,117.095,84.7,79,97,0.81,overcast clouds
121,Bubaque,GW,11.2833,-15.8333,82.89,72,100,7.11,overcast clouds
122,Tiznit,MA,29.5833,-9.5,51.67,85,79,6.13,broken clouds
123,Rocha,UY,-34.4833,-54.3333,61.77,98,37,4.59,scattered clouds
124,Erenhot,CN,43.6475,111.9767,35.15,61,0,8.81,clear sky
125,Santa Rosa,PH,14.3122,121.1114,89.58,70,100,14.52,overcast clouds
126,Fare,PF,-16.7,-151.0167,81.18,71,6,17.27,clear sky
127,Khani,GE,41.9563,42.9566,40.57,61,56,6.35,broken clouds
128,Makakilo City,US,21.3469,-158.0858,73.72,62,1,4.61,clear sky
129,Skibotn,NO,69.3913,20.2679,14.09,90,94,10.98,overcast clouds
130,Karratha,AU,-20.7377,116.8463,96.64,23,0,16.8,clear sky
131,Hilo,US,19.7297,-155.09,71.33,78,20,4.61,few clouds
132,Mitu,CO,1.1983,-70.1733,74.25,90,100,1.99,overcast clouds
133,Roma,US,43.2128,-75.4557,30.34,80,90,11.5,overcast clouds
134,Mehamn,NO,71.0357,27.8492,21.42,70,91,15.61,overcast clouds
135,Gouyave,GD,12.1646,-61.7296,79.3,81,100,9.04,overcast clouds
136,Aleppo,SY,36.25,37.5,57.65,66,30,3.38,scattered clouds
137,Nizhniy Kuranakh,RU,58.8353,125.4869,14.76,78,100,12.82,overcast clouds
138,Saint George,US,37.1041,-113.5841,45.19,31,1,0.0,clear sky
139,Waipawa,NZ,-41.4122,175.5153,56.03,79,99,6.31,overcast clouds
140,Chuy,UY,-33.6971,-53.4616,67.53,79,39,13.29,scattered clouds
141,Nome,US,64.5011,-165.4064,-5.73,59,20,3.44,few clouds
142,Oranjemund,NA,-28.55,16.4333,64.13,63,48,21.72,scattered clouds
143,Anloga,GH,5.7947,0.8973,79.02,78,32,7.56,scattered clouds
144,Sao Jose Da Coroa Grande,BR,-8.8978,-35.1478,76.19,87,16,8.03,few clouds
145,Talcahuano,CL,-36.7167,-73.1167,53.28,76,0,10.36,clear sky
146,Jadu,LY,31.953,12.0261,59.85,28,85,21.63,overcast clouds
147,Pevek,RU,69.7008,170.3133,-26.3,98,15,3.11,few clouds
148,Rio Gallegos,AR,-51.6226,-69.2181,50.05,43,75,12.66,broken clouds
149,Lagoa,PT,39.05,-27.9833,61.79,61,24,11.86,few clouds
150,Vestmanna,FO,62.1564,-7.1664,31.12,51,40,20.71,scattered clouds
151,Iquitos,PE,-3.7481,-73.2472,77.04,94,20,0.0,few clouds
152,Manokwari,ID,-0.8667,134.0833,83.79,72,95,8.59,overcast clouds
153,Atuona,PF,-9.8,-139.0333,78.39,79,14,18.95,light rain
154,Luebo,CD,-5.35,21.4167,70.2,86,75,2.53,broken clouds
155,Cuiaba,BR,-15.5961,-56.0967,78.73,83,0,6.91,clear sky
156,Luau,AO,-10.7073,22.2247,67.32,92,86,3.58,overcast clouds
157,Makat,KZ,47.6469,53.3463,31.06,58,99,14.81,overcast clouds
158,Yar-Sale,RU,66.8333,70.8333,-7.67,96,65,7.63,broken clouds
159,Bengkulu,ID,-3.8004,102.2655,85.66,63,100,10.45,light rain
160,Cobija,BO,-11.0267,-68.7692,74.43,90,89,0.98,overcast clouds
161,Cap-Aux-Meules,CA,47.3821,-61.8597,44.62,100,100,10.36,overcast clouds
162,Korla,CN,41.7597,86.1469,37.67,49,100,2.28,overcast clouds
163,Urengoy,RU,65.9667,78.3667,-12.19,96,33,7.9,scattered clouds
164,Bredasdorp,ZA,-34.5322,20.0403,60.98,87,100,8.79,moderate rain
165,Quedlinburg,DE,51.7833,11.15,33.73,86,98,9.22,overcast clouds
166,Buraydah,SA,26.326,43.975,61.25,38,0,10.45,clear sky
167,Vila Franca Do Campo,PT,37.7167,-25.4333,57.61,74,16,7.94,few clouds
168,Santa Isabel Do Rio Negro,BR,-0.4139,-65.0192,72.48,99,97,1.57,overcast clouds
169,Cape Town,ZA,-33.9258,18.4232,61.21,88,20,17.27,few clouds
170,Taoudenni,ML,22.6783,-3.9836,76.86,33,89,7.81,overcast clouds
171,Guanica,PR,17.9716,-66.908,72.88,72,39,4.21,scattered clouds
172,Ruwi,OM,23.5996,58.5507,80.29,40,50,2.42,scattered clouds
173,Nipawin,CA,53.3668,-104.0009,37.44,70,90,11.5,overcast clouds
174,Geraldton,AU,-28.7667,114.6,102.61,11,14,17.27,few clouds
175,Naze,JP,28.3667,129.4833,67.12,59,84,17.45,broken clouds
176,Okhotsk,RU,59.3833,143.3,-3.68,75,10,9.55,clear sky
177,Ferrol,ES,43.4832,-8.2369,48.45,71,73,26.11,light rain
178,Paka,MY,4.6374,103.4368,80.53,78,20,5.75,few clouds
179,Ust-Kuyga,RU,70.0167,135.6,-17.03,98,76,3.91,broken clouds
180,Cayenne,GF,4.9333,-52.3333,77.04,94,75,2.3,broken clouds
181,Port Elizabeth,ZA,-33.918,25.5701,62.89,82,0,20.71,light rain
182,Tilichiki,RU,60.4667,166.1,-5.3,99,77,10.36,light snow
183,Dingle,PH,10.9995,122.6711,84.69,76,100,13.87,overcast clouds
184,Upernavik,GL,72.7868,-56.1549,15.04,84,100,9.75,overcast clouds
185,Fortuna,US,40.5982,-124.1573,47.32,93,40,5.75,scattered clouds
186,Batticaloa,LK,7.7102,81.6924,83.26,75,71,5.68,broken clouds
187,Butaritari,KI,3.0707,172.7902,82.35,74,84,17.18,broken clouds
188,Avarua,CK,-21.2078,-159.775,80.65,83,20,2.3,light rain
189,Aguas Vermelhas,BR,-15.7472,-41.46,59.34,82,57,3.51,broken clouds
190,Truth Or Consequences,US,33.1284,-107.2528,48.43,46,1,6.91,clear sky
191,Leningradskiy,RU,69.3833,178.4167,-22.47,93,13,5.7,few clouds
192,Puerto Lopez,CO,4.0845,-72.956,72.21,94,76,3.67,broken clouds
193,Tautira,PF,-17.7333,-149.15,82.42,75,17,16.53,few clouds
194,Saint-Augustin,CA,51.226,-58.6502,43.45,97,100,12.75,overcast clouds
195,Znamenskoye,RU,57.1281,73.8282,20.82,91,100,12.39,overcast clouds
196,Alta Floresta,BR,-9.8756,-56.0861,70.77,98,72,2.06,broken clouds
197,Salgueiro,BR,-8.0742,-39.1192,77.07,68,55,8.39,light rain
198,Lata,PT,40.1629,-8.3327,41.41,96,95,4.43,overcast clouds
199,Buchanan,LR,5.8808,-10.0467,76.96,86,20,4.23,light rain
200,Acapulco,MX,16.8634,-99.8901,76.21,86,59,3.89,broken clouds
201,Palafrugell,ES,41.9174,3.1631,34.56,88,38,7.0,scattered clouds
202,Jumla,NP,29.2747,82.1838,56.05,30,0,6.44,clear sky
203,Laguna,US,38.421,-121.4238,54.1,90,1,0.0,clear sky
204,Port Hedland,AU,-20.3167,118.5667,104.05,11,2,12.66,clear sky
205,Banjar,ID,-8.19,114.9675,85.86,76,86,1.39,overcast clouds
206,Camacha,PT,33.0833,-16.3333,58.42,72,20,23.02,few clouds
207,Moses Lake,US,47.1301,-119.2781,47.08,81,75,0.0,broken clouds
208,East London,ZA,-33.0153,27.9116,65.34,82,0,12.66,clear sky
209,Qasigiannguit,GL,68.8193,-51.1922,16.05,87,100,3.85,overcast clouds
210,Ugoofaaru,MV,5.6667,73.0,81.79,75,97,12.95,overcast clouds
211,Paysandu,UY,-32.3214,-58.0756,58.96,71,0,7.11,clear sky
212,Norden,DE,53.6,7.2,39.18,97,100,14.12,overcast clouds
213,Bhakkar,PK,31.6253,71.0657,73.26,16,0,3.33,clear sky
214,Ambon,ID,-3.6954,128.1814,85.26,70,84,4.09,light rain
215,Sobolevo,RU,54.4299,31.8996,33.28,97,100,15.12,snow
216,Boa Esperanca Do Sul,BR,-21.9925,-48.3908,66.11,98,22,3.42,few clouds
217,Narsaq,GL,60.9167,-46.05,37.62,99,100,7.27,moderate rain
218,Zhicheng,CN,30.2956,111.5047,64.47,27,2,5.37,clear sky
219,Alugan,PH,12.2188,125.4808,83.12,81,86,8.1,overcast clouds
220,Dabra,IN,25.9,78.3333,77.36,30,0,6.55,clear sky
221,Saint-Pierre,RE,-21.3393,55.4781,83.88,65,0,11.5,light rain
222,Lasa,IT,46.6166,10.7002,30.94,96,99,2.64,light snow
223,Veraval,IN,20.9,70.3667,83.46,35,2,2.13,clear sky
224,Roald,NO,62.5833,6.1333,26.74,86,0,11.5,clear sky
225,Sistranda,NO,63.7256,8.834,24.76,68,97,7.85,light snow
226,Isangel,VU,-19.55,169.2667,77.97,82,29,14.18,scattered clouds
227,Garissa,KE,-0.4536,39.6401,82.71,65,97,9.57,overcast clouds
228,Te Anau,NZ,-45.4167,167.7167,56.26,54,94,3.49,overcast clouds
229,Bud,US,39.447,-86.1758,32.02,47,78,4.79,broken clouds
230,Casper,US,42.8666,-106.3131,34.39,44,40,9.22,scattered clouds
231,Copiapo,CL,-27.3667,-70.3333,56.89,78,1,3.91,clear sky
232,Lamu,KE,-2.2717,40.902,84.42,75,71,5.17,light rain
233,Longyearbyen,SJ,78.2186,15.6401,8.44,85,90,6.91,snow
234,Alberdi,AR,-32.8899,-60.6906,68.02,73,0,8.05,clear sky
235,Kongolo,CD,-5.3833,27.0,69.24,98,100,0.47,overcast clouds
236,Sao Filipe,CV,14.8961,-24.4956,77.09,75,8,10.45,clear sky
237,Zhangjiakou,CN,40.81,114.8794,38.52,39,2,3.15,clear sky
238,Baykit,RU,61.67,96.37,3.2,96,100,4.32,overcast clouds
239,Broken Hill,AU,-31.95,141.4333,73.11,38,75,20.71,broken clouds
240,Kahului,US,20.8947,-156.47,73.42,64,1,11.5,clear sky
241,Mareeba,AU,-17.0,145.4333,83.12,64,75,4.27,broken clouds
242,Macau,MO,22.2006,113.5461,76.71,49,0,11.5,clear sky
243,Qaqortoq,GL,60.7167,-46.0333,37.9,98,100,6.24,moderate rain
244,Gambela,ET,8.25,34.5833,84.33,44,6,3.24,clear sky
245,Maniitsoq,GL,65.4167,-52.9,33.58,96,100,7.4,light rain
246,Westport,US,41.1415,-73.3579,39.02,64,20,12.66,few clouds
247,Batagay-Alyta,RU,67.8006,130.4114,-7.96,99,100,0.96,overcast clouds
248,Qui Nhon,VN,13.7667,109.2333,75.42,96,100,24.54,moderate rain
249,Khandyga,RU,62.6667,135.6,-1.3,82,82,4.05,broken clouds
250,Terney,RU,45.0503,136.6092,33.62,64,49,10.85,scattered clouds
251,Mujiayingzi,CN,42.1167,118.7833,40.93,40,0,7.7,clear sky
252,Loreto,MX,22.2667,-101.9667,52.07,84,82,7.02,broken clouds
253,Saint-Philippe,RE,-21.3585,55.7679,83.79,79,43,10.83,light rain
254,Yuma,US,32.7253,-114.6244,63.37,28,1,5.75,clear sky
255,Mount Gambier,AU,-37.8333,140.7667,69.71,46,75,14.97,broken clouds
256,Ilulissat,GL,69.2167,-51.1,15.82,79,100,2.3,overcast clouds
257,Shimoda,JP,34.6667,138.95,59.11,60,30,6.4,scattered clouds
258,Nagaur,IN,27.2,73.7333,80.33,18,0,2.84,clear sky
259,Aquiraz,BR,-3.9014,-38.3911,82.49,75,38,12.73,scattered clouds
260,Rudbar,AF,30.15,62.6,58.28,38,0,3.89,clear sky
261,Wanning,CN,18.8003,110.3967,76.28,75,96,18.77,overcast clouds
262,Lago Da Pedra,BR,-4.3333,-45.1667,72.3,97,92,2.82,overcast clouds
263,Bandarbeyla,SO,9.4942,50.8122,82.38,69,78,11.72,broken clouds
264,Catuday,PH,16.2923,119.8062,84.15,67,88,8.08,overcast clouds
265,Sao Joao Da Barra,BR,-21.6403,-41.0511,71.29,94,99,6.87,light rain
266,Petropavlovsk-Kamchatskiy,RU,53.0452,158.6483,30.79,74,75,4.47,broken clouds
267,Sirari,TZ,-1.2333,34.4333,69.91,63,77,9.46,broken clouds
268,Walvis Bay,NA,-22.9575,14.5053,52.75,87,0,5.75,clear sky
269,Astana,KZ,51.1801,71.446,15.75,86,40,24.61,scattered clouds
270,Gornopravdinsk,RU,60.05,69.9,25.97,95,100,11.18,light snow
271,Svetlogorsk,BY,52.6333,29.7333,39.67,90,100,16.75,overcast clouds
272,Ituporanga,BR,-27.4144,-49.6025,64.45,90,53,2.15,broken clouds
273,Kloulklubed,PW,7.0419,134.2556,84.7,77,12,13.44,few clouds
274,Salalah,OM,17.0151,54.0924,86.09,26,0,1.14,clear sky
275,Sarahan,IN,31.5167,77.8,55.11,19,16,5.68,few clouds
276,Tomatlan,MX,19.9333,-105.25,70.36,90,80,4.25,broken clouds
277,Cuamba,MZ,-14.8031,36.5372,74.5,63,86,7.49,overcast clouds
278,Acarau,BR,-2.8856,-40.12,79.99,79,27,13.15,scattered clouds
279,Luanda,AO,-8.8368,13.2343,77.0,83,75,9.22,broken clouds
280,Talnakh,RU,69.4865,88.3972,2.07,94,100,11.95,overcast clouds
281,Orichi,RU,58.4036,49.0572,33.67,89,100,12.71,overcast clouds
282,Samarai,PG,-10.6167,150.6667,83.68,73,88,5.68,overcast clouds
283,Marsh Harbour,BS,26.5412,-77.0636,73.17,67,83,10.78,broken clouds
284,Pundaguitan,PH,6.3711,126.1689,83.08,75,98,11.12,moderate rain
285,Monrovia,LR,6.3005,-10.7969,76.77,85,17,4.63,light rain
286,Pisco,PE,-13.7,-76.2167,64.45,88,0,6.91,clear sky
287,Sandi,IN,27.3,79.95,74.46,35,0,4.92,clear sky
288,Gari,RU,59.4307,62.3497,31.69,78,100,15.21,overcast clouds
289,Chapais,CA,49.7834,-74.8492,19.18,90,100,13.65,overcast clouds
290,Emporia,US,38.4039,-96.1817,52.0,37,1,12.66,clear sky
291,Hithadhoo,MV,-0.6,73.0833,81.36,71,80,13.82,broken clouds
292,Aykhal,RU,66.0,111.5,-3.87,99,100,4.94,overcast clouds
293,Lethem,GY,3.3803,-59.7968,75.96,85,80,6.62,broken clouds
294,Scottsbluff,US,41.8666,-103.6672,52.23,30,1,5.75,clear sky
295,Faanui,PF,-16.4833,-151.75,81.54,72,14,19.93,few clouds
296,Zima,RU,53.9202,102.0442,15.64,72,71,0.83,broken clouds
297,Kostomuksha,RU,64.571,30.5767,10.65,97,93,1.41,overcast clouds
298,Zlobin,HR,45.2924,14.6541,42.1,87,75,8.05,broken clouds
299,Luderitz,NA,-26.6481,15.1594,62.4,70,0,5.21,clear sky
300,Palmer,US,42.1584,-72.3287,35.2,64,90,16.11,overcast clouds
301,Mabaruma,GY,8.2,-59.7833,73.13,99,100,1.23,overcast clouds
302,Tuatapere,NZ,-46.1333,167.6833,55.51,56,100,8.57,overcast clouds
303,Mar Del Plata,AR,-38.0023,-57.5575,55.85,95,24,9.71,few clouds
304,Dzaoudzi,YT,-12.7887,45.2699,82.29,83,75,6.91,light rain
305,Otofuke,JP,42.9917,143.2003,41.95,63,30,12.44,scattered clouds
306,Torbay,CA,47.6666,-52.7314,45.37,100,90,8.05,light intensity drizzle
307,Seymchan,RU,62.8833,152.4333,-40.43,100,78,0.78,broken clouds
308,Novikovo,RU,51.1537,37.8879,36.05,81,100,17.02,overcast clouds
309,Arman,RU,59.7,150.1667,-4.5,78,8,6.04,clear sky
310,Nanortalik,GL,60.1432,-45.2371,43.86,96,100,15.26,moderate rain
311,Ouargaye,BF,11.5033,0.0572,74.75,26,7,8.5,clear sky
312,Ahipara,NZ,-35.1667,173.1667,65.88,65,97,3.44,overcast clouds
313,Namtsy,RU,62.7161,129.6658,-2.09,98,100,1.77,overcast clouds
314,Itaituba,BR,-4.2761,-55.9836,73.15,98,95,1.07,overcast clouds
315,Chicama,PE,-7.8447,-79.1469,65.79,81,83,5.03,broken clouds
316,Bergen,NO,60.392,5.328,32.41,86,0,3.44,clear sky
317,Puerto Escondido,MX,15.85,-97.0667,76.84,65,50,5.79,scattered clouds
318,Puerto Leguizamo,CO,-0.1934,-74.7819,74.82,83,97,1.83,overcast clouds
319,Ancud,CL,-41.8697,-73.8203,47.73,87,64,4.12,broken clouds
320,Haines Junction,CA,60.7522,-137.5108,-7.65,77,99,5.75,light snow
321,Riachao Do Jacuipe,BR,-11.8069,-39.3856,69.66,90,95,2.17,overcast clouds
322,Lunca Muresului,RO,46.4333,23.9,37.71,93,90,4.61,overcast clouds
323,Caravelas,BR,-17.7125,-39.2481,69.44,88,53,6.22,broken clouds
324,San Cristobal,VE,7.7669,-72.225,68.18,95,99,1.43,overcast clouds
325,Nekhayevskiy,RU,50.4106,41.7561,31.46,93,60,12.1,broken clouds
326,Havelock,US,34.8791,-76.9013,42.78,55,0,9.19,clear sky
327,Pushkino,RU,56.0172,37.8667,37.69,93,100,10.13,overcast clouds
328,Broome,US,42.2506,-75.833,29.17,80,90,17.27,overcast clouds
329,Yeniseysk,RU,58.4497,92.1703,10.27,91,100,8.61,overcast clouds
330,Tiarei,PF,-17.5333,-149.3333,82.42,75,6,17.65,clear sky
331,Simplicio Mendes,BR,-7.8539,-41.9103,75.02,70,85,2.33,overcast clouds
332,Oktyabrskiy,RU,54.4815,53.471,23.18,91,88,14.58,overcast clouds
333,Puerto Madryn,AR,-42.7692,-65.0385,58.84,80,100,10.94,overcast clouds
334,Cranbrook,CA,49.4999,-115.7688,39.04,60,75,8.05,broken clouds
335,Caraballeda,VE,10.6112,-66.8522,80.67,69,20,0.0,few clouds
336,Poum,NC,-20.2333,164.0167,80.38,73,8,8.43,clear sky
337,North Bend,US,43.4065,-124.2243,53.51,100,90,0.0,overcast clouds
338,Constitucion,CL,-35.3333,-72.4167,50.5,87,2,8.41,clear sky
339,Siniscola,IT,40.5719,9.6922,47.75,82,66,5.19,broken clouds
340,Tabuk,PH,17.4189,121.4443,81.73,74,65,1.97,broken clouds
341,Hasaki,JP,35.7333,140.8333,54.0,29,40,17.36,scattered clouds
342,Yatou,CN,37.15,122.3833,50.25,41,0,2.82,clear sky
343,El Alto,PE,-4.2714,-81.2147,63.43,86,90,13.11,overcast clouds
344,Husavik,IS,66.0449,-17.3389,31.91,69,100,14.47,overcast clouds
345,Burnie,AU,-41.0667,145.9167,59.13,54,72,8.59,broken clouds
346,Opunake,NZ,-39.4556,173.8583,63.93,79,97,10.11,light rain
347,Severnoye,RU,56.3491,78.3619,18.16,92,100,15.43,light snow
348,Codrington,AU,-38.2667,141.9667,60.94,56,63,23.22,broken clouds
349,Cravo Norte,CO,6.3017,-70.2041,74.64,90,89,4.97,overcast clouds
350,Kuryk,KZ,43.2,51.65,42.55,42,100,19.77,overcast clouds
351,Benguela,AO,-12.5763,13.4055,77.23,68,97,3.53,overcast clouds
352,Athabasca,CA,54.7169,-113.2854,30.02,68,0,9.78,clear sky
353,Florianopolis,BR,-27.6146,-48.5012,69.03,88,0,4.61,clear sky
354,Mayo,US,38.8876,-76.5119,37.81,52,90,10.36,overcast clouds
355,Yulara,AU,-25.2406,130.9889,84.04,20,0,8.05,clear sky
356,Goderich,CA,43.7501,-81.7165,30.52,69,100,11.5,overcast clouds
357,Muros,ES,42.7762,-9.0603,48.7,73,76,21.79,broken clouds
358,Nibbar,TN,36.2941,8.7666,50.68,71,40,6.91,scattered clouds
359,Valer,NO,60.6785,11.8331,18.1,73,90,1.57,overcast clouds
360,Thompson,CA,55.7435,-97.8558,17.76,93,90,3.44,light snow
361,Mincivan,AZ,39.0294,46.7185,53.83,59,2,3.8,clear sky
362,Hualmay,PE,-11.0964,-77.6139,65.25,87,96,7.45,overcast clouds
363,Hammond,US,41.5834,-87.5,31.91,67,90,8.05,overcast clouds
364,Aklavik,CA,68.2191,-135.0107,-6.77,92,100,20.04,overcast clouds
365,Noumea,NC,-22.2763,166.4572,89.58,68,18,15.19,few clouds
366,Datong,CN,40.0936,113.2914,38.55,36,47,2.57,scattered clouds
367,Hofn,IS,64.2539,-15.2082,30.36,41,90,4.88,overcast clouds
368,Anasco,PR,18.2827,-67.1396,73.78,75,20,9.08,few clouds
369,Bathsheba,BB,13.2167,-59.5167,77.61,94,20,4.61,few clouds
370,Donnacona,CA,46.6804,-71.7239,30.38,80,100,11.5,light snow
371,Banepa,NP,27.6298,85.5214,61.12,59,20,3.44,haze
372,Sorong,ID,-0.8833,131.25,84.6,69,98,7.61,overcast clouds
373,Zuwarah,LY,32.9312,12.082,66.43,41,82,23.29,broken clouds
374,Suwalki,PL,54.1118,22.9309,32.41,99,100,8.68,snow
375,Dunda,TZ,-8.1167,34.25,76.28,53,15,6.91,few clouds
376,Bahia Honda,CU,22.9036,-83.1592,69.62,75,21,4.29,few clouds
377,Cervo,ES,43.6702,-7.4101,49.86,69,82,25.55,broken clouds
378,Werda,BW,-25.2667,23.2833,70.75,58,27,22.39,scattered clouds
379,Esmeraldas,BR,-19.7625,-44.3139,70.11,96,100,3.2,moderate rain
380,Marawi,PH,7.9986,124.2928,75.99,89,56,4.92,broken clouds
381,Ipixuna,BR,-1.7625,-48.8043,76.95,96,29,3.18,scattered clouds
382,Coxim,BR,-18.5067,-54.76,74.25,94,99,3.44,overcast clouds
383,Portmore,JM,17.9702,-76.8672,78.76,69,20,8.05,few clouds
384,Depalpur,IN,22.85,75.55,79.2,24,15,5.82,few clouds
385,Wilmington,US,34.2257,-77.9447,39.11,60,1,4.61,clear sky
386,Quatre Cocos,MU,-20.2078,57.7625,82.51,62,1,9.71,clear sky
387,Udachnyy,RU,66.4167,112.4,-7.55,99,100,2.77,overcast clouds
388,Nhulunbuy,AU,-12.2333,136.7667,92.01,49,92,14.97,overcast clouds
389,Zmeinogorsk,RU,51.1567,82.195,13.53,79,87,13.06,overcast clouds
390,Abu Dhabi,AE,24.4667,54.3667,73.51,83,0,5.75,clear sky
391,Angoram,PG,-4.0625,144.0661,81.59,90,70,6.2,broken clouds
392,Abu Samrah,SY,35.3029,37.1841,58.86,59,41,4.27,scattered clouds
393,Sokode,TG,8.9833,1.1333,71.11,55,25,1.79,scattered clouds
394,Santa Fe,AR,-31.6333,-60.7,66.51,56,0,6.51,light rain
395,Omsukchan,RU,62.5333,155.8,-25.58,97,17,3.24,few clouds
396,Kanker,IN,20.2719,81.4931,78.78,38,72,6.64,broken clouds
397,Gravdal,NO,68.1214,13.5031,28.11,63,69,8.37,broken clouds
398,Chabahar,IR,25.2919,60.643,78.39,39,22,4.47,few clouds
399,Serowe,BW,-22.3833,26.7167,64.63,69,57,17.85,broken clouds
400,Candolim,IN,15.5181,73.7626,82.4,57,75,8.05,broken clouds
401,Vallenar,CL,-28.5708,-70.7581,59.95,70,0,1.99,clear sky
402,Coronel Bogado,PY,-27.1833,-56.3,68.49,89,0,1.21,clear sky
403,Kipushi,CD,-11.7667,27.2333,63.88,92,84,9.62,broken clouds
404,Moba,CN,33.2288,105.0179,38.55,86,100,4.88,overcast clouds
405,Mogadishu,SO,2.0371,45.3438,75.07,83,75,9.22,drizzle
406,Pangai,TO,-19.8,-174.35,77.11,83,90,13.8,moderate rain
407,Waingapu,ID,-9.6567,120.2641,86.27,69,82,5.91,broken clouds
408,Banda Aceh,ID,5.5577,95.3222,83.7,71,61,4.21,broken clouds
409,Japura,ID,-0.3167,102.35,87.35,58,100,4.61,overcast clouds
410,Itarema,BR,-2.9248,-39.9167,80.35,77,32,13.04,scattered clouds
411,Binga,ZW,-17.6203,27.3414,75.54,66,71,10.85,broken clouds
412,Huandacareo,MX,19.9833,-101.2833,54.52,89,81,3.0,broken clouds
413,Rawson,AR,-43.3002,-65.1023,56.64,74,94,4.52,light rain
414,Falmouth,GB,50.1544,-5.0711,43.7,75,40,28.77,scattered clouds
415,Zhaotong,CN,27.3167,103.7167,42.13,91,100,2.57,overcast clouds
416,Miraflores,MX,19.2167,-98.8083,50.94,76,91,2.01,overcast clouds
417,Ayaviri,PE,-14.8864,-70.5889,45.0,84,100,0.83,overcast clouds
418,Dongsheng,CN,39.8161,109.9776,39.51,39,83,17.25,broken clouds
419,Balikpapan,ID,-1.2675,116.8289,85.19,79,40,2.3,scattered clouds
420,Copiague,US,40.6815,-73.3998,39.16,56,90,16.11,overcast clouds
421,Iwata,JP,34.7,137.85,59.05,36,2,19.19,clear sky
422,Gwembe,ZM,-16.4975,27.6069,68.14,66,84,10.4,broken clouds
